top_k_overlap,importance_correlation,kendall_tau_top10,mean_abs_difference,std_abs_difference,n_common_features,model,ess_regular,ess_augmented
0.8,0.9410250078735289,0.7333333333333333,0.2196527097490357,0.2026945227682966,6,XGBoost,1.0,1.0
1.0,0.9827071623155762,0.9999999999999999,0.007747227136140592,0.005995457519942298,6,Random Forest,1.0,1.0
1.0,0.9920435771441874,0.8666666666666666,0.6634051920827185,0.43602615606579476,6,Logistic Regression,1.0,1.0
