variant,model_for_runs,n_runs,n_models,sample_idx,ESS,ASI,CMC_J,CMC_A,MEAI,CFS
Regular,Random Forest,10,3,0,0.9759788359788361,0.9989324575124251,0.66,0.8584899983919694,0.015000000000000013,0.0
Augmented,Random Forest,10,3,0,0.9598941798941799,0.9991950919552233,0.6050000000000001,0.8622580403011515,0.03500000000000003,0.0
