feature,ks_stat,ks_p
hemo,0.06428571428571428,0.610173007510549
sc,0.04285714285714286,0.9597659599959413
al,0.025,0.9999943391419758
htn,0.014285714285714285,0.9999999999999999
age,0.03571428571428571,0.9942384811715432
dm,0.03214285714285714,0.9987527533596648
