feature,ks_stat,ks_p
hemo,0.02619047619047619,0.9984454001326766
sc,0.02261904761904762,0.9998910056265637
al,0.016666666666666666,0.9999999852354587
htn,0.041666666666666664,0.8519983006171542
age,0.03333333333333333,0.9709740474927396
dm,0.017857142857142856,0.9999998166853863
