model,variant,roc_auc,precision,recall,f1
lr,1x,0.9988148148148148,1.0,0.9333333333333333,0.9655172413793104
rf,1x,1.0,1.0,0.9866666666666667,0.9932885906040269
xgb,1x,0.9997037037037038,0.9866666666666667,0.9866666666666667,0.9866666666666667
