model,variant,roc_auc,precision,recall,f1,brier
lr,baseline,0.998,1.0,0.96,0.9795918367346939,0.017627231914649988
rf,baseline,1.0,1.0,0.98,0.98989898989899,0.009793738525502005
xgb,baseline,0.9993333333333333,1.0,0.98,0.98989898989899,0.010619696959959447
