model,variant,roc_auc,precision,recall,f1,brier
lr,3x,0.9993333333333333,1.0,0.96,0.9795918367346939,0.014494729576973373
rf,3x,1.0,1.0,0.98,0.98989898989899,0.009811919088317283
xgb,3x,0.9953333333333334,1.0,0.98,0.98989898989899,0.012500298200747781
