model,variant,roc_auc,precision,recall,f1
lr,3x,0.9994074074074074,1.0,0.9333333333333333,0.9655172413793104
rf,3x,1.0,1.0,0.9866666666666667,0.9932885906040269
xgb,3x,0.9997037037037036,0.9866666666666667,0.9866666666666667,0.9866666666666667
