Model,Scenario,Holdout_Accuracy,Holdout_Precision,Holdout_Recall,Holdout_F1,Holdout_ROC_AUC,CV_Accuracy_Mean,CV_Accuracy_Std,CV_Precision_Mean,CV_Precision_Std,CV_Recall_Mean,CV_Recall_Std,CV_F1_Mean,CV_F1_Std,CV_ROC_AUC_Mean,CV_ROC_AUC_Std,CV_Error
LR,Real + Synthetic,0.9583333333333334,1.0,0.9333333333333333,0.9655172413793104,0.9991111111111112,0.9776785714285714,0.005467611032998192,1.0,0.0,0.9642857142857142,0.008748177652797033,0.981802083657732,0.004518305855515014,0.99578231292517,0.003585875380494268,
LR,Real Only,0.9666666666666667,1.0,0.9466666666666667,0.9726027397260274,0.9955555555555555,0.9714285714285713,0.02395787118749771,1.0,0.0,0.9542857142857143,0.03833259389999641,0.9762845849802371,0.02062249781620359,0.9956462585034014,0.006114885729046074,
RF,Real + Synthetic,1.0,1.0,1.0,1.0,1.0,0.9848214285714286,0.00399297853124966,0.9943653468833326,0.00912592321273695,0.9814285714285715,0.012975644374703537,0.9877608274225727,0.003323362249086992,0.9988095238095237,0.0008566939489630022,
RF,Real Only,0.975,0.9736842105263158,0.9866666666666667,0.9801324503311258,0.9985185185185185,0.9785714285714286,0.03194382824999698,0.9882251082251082,0.016135053413349358,0.9771428571428572,0.037252585172586575,0.9825210084033614,0.026215255133662962,0.9983673469387755,0.0024338154857140755,
XGB,Real + Synthetic,1.0,1.0,1.0,1.0,1.0,0.9803571428571429,0.0067704245036174756,0.9886363043528252,0.010491791478503315,0.9800000000000001,0.013739560044050964,0.9842020858897994,0.005519044122386071,0.9966496598639456,0.002677288862574038,
XGB,Real Only,0.9583333333333334,0.9605263157894737,0.9733333333333334,0.9668874172185431,0.9943703703703703,0.9642857142857142,0.0455269599427927,0.9819964349376115,0.027006965353966454,0.96,0.04780914437337576,0.9707587382779199,0.03745200017474416,0.9940136054421768,0.007851177168029135,
