model,variant,roc_auc,precision,recall,f1
lr,baseline,0.9979259259259259,1.0,0.9066666666666666,0.951048951048951
rf,baseline,1.0,1.0,0.9866666666666667,0.9932885906040269
xgb,baseline,0.9988148148148148,0.9864864864864865,0.9733333333333334,0.9798657718120806
