model,roc_auc,precision,recall,f1
lr,0.9958518518518519,1.0,0.9466666666666667,0.9726027397260274
rf,0.9997037037037036,1.0,0.9866666666666667,0.9932885906040269
xgb,0.9988148148148148,0.9864864864864865,0.9733333333333334,0.9798657718120806
