model,roc_auc,precision,recall,f1
lr,1.0,1.0,0.9733333333333334,0.9864864864864865
rf,1.0,1.0,1.0,1.0
xgb,1.0,1.0,1.0,1.0
