avg_ks,mean_corr_diff,discriminator_auc
0.03571428571428572,0.03375743742396174,0.4364071933868467
