avg_ks,mean_corr_diff,discriminator_auc
0.05675770308123249,0.07335060306378284,0.5768301086163132
