avg_ks,mean_corr_diff,discriminator_auc
0.02638888888888889,0.027841390278306382,0.42061074887516203
